<NeuralNetwork>
   <Inputs>
      <InputsNumber>5</InputsNumber>
      <Input Index="1">frequency</Input>
      <Input Index="2">angle_of_attack</Input>
      <Input Index="3">chord_lenght</Input>
      <Input Index="4">free-stream_velocity</Input>
      <Input Index="5">suction_side_displacement_thickness</Input>
   </Inputs>
   <Layers>
      <LayersTypes>Scaling Perceptron Perceptron Unscaling Bounding</LayersTypes>
      <ScalingLayer>
         <ScalingNeuronsNumber>5</ScalingNeuronsNumber>
         <ScalingNeuron Index="1">
            <Minimum>200</Minimum>
            <Maximum>20000</Maximum>
            <Mean>2886.38</Mean>
            <StandardDeviation>3152.57</StandardDeviation>
            <ScalingMethod>MinimumMaximum</ScalingMethod>
         </ScalingNeuron>
         <ScalingNeuron Index="2">
            <Minimum>0</Minimum>
            <Maximum>22.2</Maximum>
            <Mean>6.7823</Mean>
            <StandardDeviation>5.91813</StandardDeviation>
            <ScalingMethod>MinimumMaximum</ScalingMethod>
         </ScalingNeuron>
         <ScalingNeuron Index="3">
            <Minimum>0.0254</Minimum>
            <Maximum>0.3048</Maximum>
            <Mean>0.136548</Mean>
            <StandardDeviation>0.0935407</StandardDeviation>
            <ScalingMethod>MinimumMaximum</ScalingMethod>
         </ScalingNeuron>
         <ScalingNeuron Index="4">
            <Minimum>31.7</Minimum>
            <Maximum>71.3</Maximum>
            <Mean>50.8607</Mean>
            <StandardDeviation>15.5728</StandardDeviation>
            <ScalingMethod>MinimumMaximum</ScalingMethod>
         </ScalingNeuron>
         <ScalingNeuron Index="5">
            <Minimum>0.000400682</Minimum>
            <Maximum>0.0584113</Maximum>
            <Mean>0.0111399</Mean>
            <StandardDeviation>0.0131502</StandardDeviation>
            <ScalingMethod>MinimumMaximum</ScalingMethod>
         </ScalingNeuron>
      </ScalingLayer>
      <PerceptronLayer>
         <InputsNumber>5</InputsNumber>
         <NeuronsNumber>9</NeuronsNumber>
         <ActivationFunction>HyperbolicTangent</ActivationFunction>
         <Parameters>-2.68353 0.647886 -0.444528 0.225944 -0.423861 0.27627 -0.92237 0.157299 0.0913926 -0.430206 1.50603 0.79184 -0.789349 -0.163509 -0.341403 -0.478566 0.36026 -0.272248 0.539437 -0.575924 0.986424 0.739424 -1.44787 -0.16146 -0.41096 -1.1878 -0.157637 -0.340466 -0.363912 0.194174 3.06347 0.129616 0.689363 -0.0587489 0.643495 0.245692 0.387365 1.33268 -0.0459985 -0.130361 -1.06027 -0.829168 -0.0994202 0.0794004 -0.427966 -2.81908 -0.921048 0.0840522 -0.984928 -0.234688 -0.115171 4.44171 1.22918 -1.36988</Parameters>
      </PerceptronLayer>
      <PerceptronLayer>
         <InputsNumber>9</InputsNumber>
         <NeuronsNumber>1</NeuronsNumber>
         <ActivationFunction>Linear</ActivationFunction>
         <Parameters>1.38568 -1.08914 1.08161 -0.817813 -1.12765 -1.00966 2.83298 -1.39825 1.94107 -0.827059</Parameters>
      </PerceptronLayer>
      <UnscalingLayer>
         <UnscalingNeuronsNumber>1</UnscalingNeuronsNumber>
         <Descriptives Index="1">
            <Minimum>103.38</Minimum>
            <Maximum>140.987</Maximum>
            <Mean>124.836</Mean>
            <StandardDeviation>6.89866</StandardDeviation>
         </Descriptives>
         <UnscalingMethod>MinimumMaximum</UnscalingMethod>
      </UnscalingLayer>
      <BoundingLayer>
         <BoundingNeuronsNumber>1</BoundingNeuronsNumber>
         <Item Index="1">
            <LowerBound>-1.79769e+308</LowerBound>
            <UpperBound>1.79769e+308</UpperBound>
         </Item>
         <UseBoundingLayer>1</UseBoundingLayer>
      </BoundingLayer>
   </Layers>
   <Outputs>
      <OutputsNumber>1</OutputsNumber>
      <Output Index="1">scaled_sound_pressure_level</Output>
   </Outputs>
</NeuralNetwork>
